<?xml version="1.0" encoding="UTF-8"?>
<project-private xmlns="http://www.netbeans.org/ns/project-private/1">
    <editor-bookmarks xmlns="http://www.netbeans.org/ns/editor-bookmarks/2" lastBookmarkId="0"/>
    <open-files xmlns="http://www.netbeans.org/ns/projectui-open-files/2">
        <group>
            <file>file:/C:/Users/Diego/Videos/Programaci-n-de-microcontroladores/Lab5.X/Prelab_lab5.s</file>
            <file>file:/C:/Users/Diego/Videos/Programaci-n-de-microcontroladores/Lab5.X/Lab_presencial.s</file>
            <file>file:/C:/Users/Diego/Videos/Programaci-n-de-microcontroladores/Lab5.X/Postlab_5.s</file>
        </group>
    </open-files>
</project-private>
